{"count":1,"self":62.661503999999994,"total":64.5044702,"children":{"InitializeActuators":{"count":1,"self":0.0085931999999999988,"total":0.0085931999999999988,"children":null},"InitializeSensors":{"count":1,"self":0.0090035999999999988,"total":0.045780499999999995,"children":{"CreateObservableSensors":{"count":1,"self":0.0367769,"total":0.0367769,"children":null}}},"AgentSendState":{"count":2318,"self":0.0317427,"total":0.081988999999999992,"children":{"CollectObservations":{"count":464,"self":0.0035524,"total":0.0035524,"children":null},"WriteActionMask":{"count":464,"self":0.0025594999999999997,"total":0.0025594999999999997,"children":null},"RequestDecision":{"count":464,"self":0.0441344,"total":0.0441344,"children":null}}},"DecideAction":{"count":2318,"self":1.5396527999999998,"total":1.5396527999999998,"children":null},"AgentAct":{"count":2318,"self":0.1635038,"total":0.1635038,"children":null}},"gauges":{},"metadata":{"timer_format_version":"0.1.0","start_time_seconds":"1747611853","unity_version":"6000.0.47f1","command_line_arguments":"C:\\Program Files\\Unity\\Hub\\Editor\\6000.0.47f1\\Editor\\Unity.exe -projectpath C:\\Daren\\Projects\\yolo-ai -useHub -hubIPC -cloudEnvironment production","communication_protocol_version":"1.5.0","com.unity.ml-agents_version":"3.0.0","scene_name":"MainGame","end_time_seconds":"1747611918"}}