{"count":1,"self":1086.5357824,"total":1103.7667357999999,"children":{"InitializeActuators":{"count":1,"self":0.0052515999999999995,"total":0.0052515999999999995,"children":null},"InitializeSensors":{"count":1,"self":0.0030055,"total":0.0127256,"children":{"CreateObservableSensors":{"count":1,"self":0.0097200999999999989,"total":0.0097200999999999989,"children":null}}},"AgentSendState":{"count":26086,"self":0.3413931,"total":0.5302027,"children":{"CollectObservations":{"count":5218,"self":0.021742599999999997,"total":0.021742599999999997,"children":null},"WriteActionMask":{"count":5218,"self":0.0316763,"total":0.0316763,"children":null},"RequestDecision":{"count":5218,"self":0.1353907,"total":0.1353907,"children":null}}},"DecideAction":{"count":26086,"self":15.2984832,"total":15.298482499999999,"children":null},"AgentAct":{"count":26086,"self":1.3843254999999999,"total":1.3843254999999999,"children":null}},"gauges":{},"metadata":{"timer_format_version":"0.1.0","start_time_seconds":"1747245585","unity_version":"6000.0.47f1","command_line_arguments":"C:\\Program Files\\Unity\\Hub\\Editor\\6000.0.47f1\\Editor\\Unity.exe -projectpath C:\\Daren\\Projects\\yolo-ai -useHub -hubIPC -cloudEnvironment production","communication_protocol_version":"1.5.0","com.unity.ml-agents_version":"3.0.0","scene_name":"MainGame","end_time_seconds":"1747246689"}}